{
 "NMI": 67.58412274041105,
 "ARI": 46.159603820677496,
 "ACC": 64.5643153526971,
 "Precision": 69.29460580912863,
 "Recall": 71.61825726141079,
 "F1": 70.43727304273028,
 "Example Coverage": 89.37759336099585,
 "Reference K": 22,
 "K": 21,
 "Classification 1:1": {
  "0 P": 0.6666666666666666,
  "0 R": 0.8627450980392157,
  "0 F1": 0.7521367521367521,
  "0 Support": 51,
  "1 P": 0.7894736842105263,
  "1 R": 0.6976744186046512,
  "1 F1": 0.7407407407407408,
  "1 Support": 43,
  "10 P": 0.7142857142857143,
  "10 R": 0.847457627118644,
  "10 F1": 0.7751937984496123,
  "10 Support": 59,
  "11 P": 0.27941176470588236,
  "11 R": 1.0,
  "11 F1": 0.4367816091954023,
  "11 Support": 19,
  "12 P": 0.8571428571428571,
  "12 R": 0.9473684210526315,
  "12 F1": 0.9,
  "12 Support": 19,
  "13 P": 0.8541666666666666,
  "13 R": 0.5503355704697986,
  "13 F1": 0.6693877551020408,
  "13 Support": 149,
  "14 P": 0.3463687150837989,
  "14 R": 0.8732394366197183,
  "14 F1": 0.49600000000000005,
  "14 Support": 71,
  "15 P": 0.9333333333333333,
  "15 R": 0.4666666666666667,
  "15 F1": 0.6222222222222223,
  "15 Support": 30,
  "16 P": 0.0,
  "16 R": 0.0,
  "16 F1": 0.0,
  "16 Support": 15,
  "17 P": 0.76,
  "17 R": 0.38,
  "17 F1": 0.5066666666666666,
  "17 Support": 50,
  "18 P": 0.9302325581395349,
  "18 R": 0.9090909090909091,
  "18 F1": 0.9195402298850575,
  "18 Support": 44,
  "19 P": 0.9425287356321839,
  "19 R": 0.9761904761904762,
  "19 F1": 0.95906432748538,
  "19 Support": 84,
  "2 P": 0.8641975308641975,
  "2 R": 0.9210526315789473,
  "2 F1": 0.89171974522293,
  "2 Support": 76,
  "20 P": 0.6923076923076923,
  "20 R": 0.36,
  "20 F1": 0.47368421052631576,
  "20 Support": 25,
  "21 P": 0.08571428571428572,
  "21 R": 0.23684210526315788,
  "21 F1": 0.12587412587412586,
  "21 Support": 38,
  "3 P": 0.9634146341463414,
  "3 R": 0.9518072289156626,
  "3 F1": 0.9575757575757576,
  "3 Support": 83,
  "4 P": 0.8070175438596491,
  "4 R": 0.6666666666666666,
  "4 F1": 0.7301587301587301,
  "4 Support": 69,
  "5 P": 0.9130434782608695,
  "5 R": 0.84,
  "5 F1": 0.8749999999999999,
  "5 Support": 25,
  "6 P": 0.0,
  "6 R": 0.0,
  "6 F1": 0.0,
  "6 Support": 33,
  "7 P": 0.0,
  "7 R": 0.0,
  "7 F1": 0.0,
  "7 Support": 23,
  "8 P": 1.0,
  "8 R": 0.7192982456140351,
  "8 F1": 0.8367346938775511,
  "8 Support": 57,
  "9 P": 0.8775510204081632,
  "9 R": 0.3028169014084507,
  "9 F1": 0.450261780104712,
  "9 Support": 142,
  "Micro Averaged P": 0.645643153526971,
  "Micro Averaged R": 0.645643153526971,
  "Micro Averaged F1": 0.645643153526971,
  "Micro Averaged Support": 1205
 },
 "Classification Many:1": {
  "0 P": 0.6666666666666666,
  "0 R": 0.8627450980392157,
  "0 F1": 0.7521367521367521,
  "0 Support": 51,
  "1 P": 0.7894736842105263,
  "1 R": 0.6976744186046512,
  "1 F1": 0.7407407407407408,
  "1 Support": 43,
  "10 P": 0.7142857142857143,
  "10 R": 0.847457627118644,
  "10 F1": 0.7751937984496123,
  "10 Support": 59,
  "11 P": 0.0,
  "11 R": 0.0,
  "11 F1": 0.0,
  "11 Support": 19,
  "12 P": 0.8571428571428571,
  "12 R": 0.9473684210526315,
  "12 F1": 0.9,
  "12 Support": 19,
  "13 P": 0.8596491228070176,
  "13 R": 0.6577181208053692,
  "13 F1": 0.7452471482889734,
  "13 Support": 149,
  "14 P": 0.3463687150837989,
  "14 R": 0.8732394366197183,
  "14 F1": 0.49600000000000005,
  "14 Support": 71,
  "15 P": 0.9333333333333333,
  "15 R": 0.4666666666666667,
  "15 F1": 0.6222222222222223,
  "15 Support": 30,
  "16 P": 0.0,
  "16 R": 0.0,
  "16 F1": 0.0,
  "16 Support": 15,
  "17 P": 0.76,
  "17 R": 0.38,
  "17 F1": 0.5066666666666666,
  "17 Support": 50,
  "18 P": 0.9302325581395349,
  "18 R": 0.9090909090909091,
  "18 F1": 0.9195402298850575,
  "18 Support": 44,
  "19 P": 0.9425287356321839,
  "19 R": 0.9761904761904762,
  "19 F1": 0.95906432748538,
  "19 Support": 84,
  "2 P": 0.8641975308641975,
  "2 R": 0.9210526315789473,
  "2 F1": 0.89171974522293,
  "2 Support": 76,
  "20 P": 0.6923076923076923,
  "20 R": 0.36,
  "20 F1": 0.47368421052631576,
  "20 Support": 25,
  "21 P": 0.0,
  "21 R": 0.0,
  "21 F1": 0.0,
  "21 Support": 38,
  "3 P": 0.9634146341463414,
  "3 R": 0.9518072289156626,
  "3 F1": 0.9575757575757576,
  "3 Support": 83,
  "4 P": 0.8070175438596491,
  "4 R": 0.6666666666666666,
  "4 F1": 0.7301587301587301,
  "4 Support": 69,
  "5 P": 0.9130434782608695,
  "5 R": 0.84,
  "5 F1": 0.8749999999999999,
  "5 Support": 25,
  "6 P": 0.0,
  "6 R": 0.0,
  "6 F1": 0.0,
  "6 Support": 33,
  "7 P": 0.0,
  "7 R": 0.0,
  "7 F1": 0.0,
  "7 Support": 23,
  "8 P": 1.0,
  "8 R": 0.7192982456140351,
  "8 F1": 0.8367346938775511,
  "8 Support": 57,
  "9 P": 0.448,
  "9 R": 0.7887323943661971,
  "9 F1": 0.5714285714285714,
  "9 Support": 142,
  "Micro Averaged P": 0.6929460580912863,
  "Micro Averaged R": 0.6929460580912863,
  "Micro Averaged F1": 0.6929460580912863,
  "Micro Averaged Support": 1205
 },
 "1:1 Alignment": {
  "0": "10",
  "1": "15",
  "10": "9",
  "11": "14",
  "12": "11",
  "13": "18",
  "14": "19",
  "16": "21",
  "17": "1",
  "18": "4",
  "19": "17",
  "2": "2",
  "20": "0",
  "21": "12",
  "3": "5",
  "4": "3",
  "5": "6",
  "6": "20",
  "7": "13",
  "8": "16",
  "9": "8"
 },
 "Cluster:Ref Many:1 Alignment": {
  "16": "9",
  "11": "14",
  "0": "10",
  "13": "18",
  "20": "0",
  "10": "9",
  "19": "17",
  "5": "9",
  "9": "8",
  "7": "13",
  "4": "3",
  "17": "1",
  "12": "9",
  "18": "4",
  "14": "19",
  "2": "2",
  "8": "13",
  "1": "15",
  "21": "12",
  "3": "5",
  "6": "20"
 },
 "Ref:Cluster Many:1 Alignment": {
  "14": "11",
  "6": "11",
  "10": "0",
  "18": "13",
  "0": "20",
  "21": "11",
  "13": "7",
  "8": "9",
  "9": "10",
  "17": "11",
  "1": "17",
  "3": "4",
  "2": "2",
  "19": "14",
  "16": "0",
  "15": "1",
  "4": "18",
  "7": "11",
  "12": "21",
  "5": "3",
  "20": "11",
  "11": "12"
 }
}