{
 "NMI": 56.2755688915235,
 "ARI": 31.72616478499688,
 "ACC": 47.21991701244813,
 "Precision": 56.43153526970954,
 "Recall": 54.522821576763484,
 "F1": 55.46076091578036,
 "Example Coverage": 84.81327800829875,
 "Reference K": 22,
 "K": 22,
 "Classification 1:1": {
  "0 P": 0.5151515151515151,
  "0 R": 0.6666666666666666,
  "0 F1": 0.5811965811965812,
  "0 Support": 51,
  "1 P": 0.6538461538461539,
  "1 R": 0.7906976744186046,
  "1 F1": 0.7157894736842104,
  "1 Support": 43,
  "10 P": 0.6935483870967742,
  "10 R": 0.7288135593220338,
  "10 F1": 0.7107438016528926,
  "10 Support": 59,
  "11 P": 0.22033898305084745,
  "11 R": 0.6842105263157895,
  "11 F1": 0.3333333333333333,
  "11 Support": 19,
  "12 P": 0.2962962962962963,
  "12 R": 0.8421052631578947,
  "12 F1": 0.4383561643835616,
  "12 Support": 19,
  "13 P": 0.8857142857142857,
  "13 R": 0.2080536912751678,
  "13 F1": 0.33695652173913043,
  "13 Support": 149,
  "14 P": 0.4186046511627907,
  "14 R": 0.7605633802816901,
  "14 F1": 0.54,
  "14 Support": 71,
  "15 P": 0.024390243902439025,
  "15 R": 0.03333333333333333,
  "15 F1": 0.028169014084507043,
  "15 Support": 30,
  "16 P": 0.0,
  "16 R": 0.0,
  "16 F1": 0.0,
  "16 Support": 15,
  "17 P": 0.8571428571428571,
  "17 R": 0.24,
  "17 F1": 0.375,
  "17 Support": 50,
  "18 P": 0.8947368421052632,
  "18 R": 0.7727272727272727,
  "18 F1": 0.8292682926829269,
  "18 Support": 44,
  "19 P": 0.9857142857142858,
  "19 R": 0.8214285714285714,
  "19 F1": 0.8961038961038961,
  "19 Support": 84,
  "2 P": 0.8857142857142857,
  "2 R": 0.8157894736842105,
  "2 F1": 0.8493150684931505,
  "2 Support": 76,
  "20 P": 0.3018867924528302,
  "20 R": 0.64,
  "20 F1": 0.4102564102564102,
  "20 Support": 25,
  "21 P": 0.08,
  "21 R": 0.10526315789473684,
  "21 F1": 0.0909090909090909,
  "21 Support": 38,
  "3 P": 0.9791666666666666,
  "3 R": 0.5662650602409639,
  "3 F1": 0.7175572519083969,
  "3 Support": 83,
  "4 P": 0.12727272727272726,
  "4 R": 0.2028985507246377,
  "4 F1": 0.15642458100558657,
  "4 Support": 69,
  "5 P": 0.6111111111111112,
  "5 R": 0.88,
  "5 F1": 0.7213114754098361,
  "5 Support": 25,
  "6 P": 0.08333333333333333,
  "6 R": 0.09090909090909091,
  "6 F1": 0.08695652173913043,
  "6 Support": 33,
  "7 P": 0.0,
  "7 R": 0.0,
  "7 F1": 0.0,
  "7 Support": 23,
  "8 P": 0.625,
  "8 R": 0.5263157894736842,
  "8 F1": 0.5714285714285714,
  "8 Support": 57,
  "9 P": 0.42857142857142855,
  "9 R": 0.2112676056338028,
  "9 F1": 0.2830188679245283,
  "9 Support": 142,
  "Micro Averaged P": 0.4721991701244813,
  "Micro Averaged R": 0.4721991701244813,
  "Micro Averaged F1": 0.4721991701244813,
  "Micro Averaged Support": 1205
 },
 "Classification Many:1": {
  "0 P": 0.5151515151515151,
  "0 R": 0.6666666666666666,
  "0 F1": 0.5811965811965812,
  "0 Support": 51,
  "1 P": 0.6538461538461539,
  "1 R": 0.7906976744186046,
  "1 F1": 0.7157894736842104,
  "1 Support": 43,
  "10 P": 0.6935483870967742,
  "10 R": 0.7288135593220338,
  "10 F1": 0.7107438016528926,
  "10 Support": 59,
  "11 P": 0.0,
  "11 R": 0.0,
  "11 F1": 0.0,
  "11 Support": 19,
  "12 P": 0.2962962962962963,
  "12 R": 0.8421052631578947,
  "12 F1": 0.4383561643835616,
  "12 Support": 19,
  "13 P": 0.5051546391752577,
  "13 R": 0.6577181208053692,
  "13 F1": 0.5714285714285714,
  "13 Support": 149,
  "14 P": 0.4186046511627907,
  "14 R": 0.7605633802816901,
  "14 F1": 0.54,
  "14 Support": 71,
  "15 P": 0.0,
  "15 R": 0.0,
  "15 F1": 0.0,
  "15 Support": 30,
  "16 P": 0.0,
  "16 R": 0.0,
  "16 F1": 0.0,
  "16 Support": 15,
  "17 P": 0.8571428571428571,
  "17 R": 0.24,
  "17 F1": 0.375,
  "17 Support": 50,
  "18 P": 0.8947368421052632,
  "18 R": 0.7727272727272727,
  "18 F1": 0.8292682926829269,
  "18 Support": 44,
  "19 P": 0.9857142857142858,
  "19 R": 0.8214285714285714,
  "19 F1": 0.8961038961038961,
  "19 Support": 84,
  "2 P": 0.8857142857142857,
  "2 R": 0.8157894736842105,
  "2 F1": 0.8493150684931505,
  "2 Support": 76,
  "20 P": 0.0,
  "20 R": 0.0,
  "20 F1": 0.0,
  "20 Support": 25,
  "21 P": 0.0,
  "21 R": 0.0,
  "21 F1": 0.0,
  "21 Support": 38,
  "3 P": 0.898876404494382,
  "3 R": 0.963855421686747,
  "3 F1": 0.9302325581395349,
  "3 Support": 83,
  "4 P": 0.3584905660377358,
  "4 R": 0.2753623188405797,
  "4 F1": 0.31147540983606553,
  "4 Support": 69,
  "5 P": 0.6111111111111112,
  "5 R": 0.88,
  "5 F1": 0.7213114754098361,
  "5 Support": 25,
  "6 P": 0.0,
  "6 R": 0.0,
  "6 F1": 0.0,
  "6 Support": 33,
  "7 P": 0.0,
  "7 R": 0.0,
  "7 F1": 0.0,
  "7 Support": 23,
  "8 P": 0.40816326530612246,
  "8 R": 0.7017543859649122,
  "8 F1": 0.5161290322580645,
  "8 Support": 57,
  "9 P": 0.35,
  "9 R": 0.44366197183098594,
  "9 F1": 0.391304347826087,
  "9 Support": 142,
  "Micro Averaged P": 0.5643153526970954,
  "Micro Averaged R": 0.5643153526970954,
  "Micro Averaged F1": 0.5643153526970954,
  "Micro Averaged Support": 1205
 },
 "1:1 Alignment": {
  "0": "16",
  "1": "13",
  "10": "0",
  "11": "14",
  "12": "18",
  "13": "10",
  "14": "9",
  "15": "4",
  "16": "17",
  "17": "12",
  "18": "3",
  "19": "2",
  "2": "19",
  "20": "5",
  "21": "6",
  "3": "11",
  "4": "21",
  "5": "1",
  "6": "20",
  "7": "15",
  "8": "7",
  "9": "8"
 },
 "Cluster:Ref Many:1 Alignment": {
  "14": "9",
  "11": "14",
  "13": "10",
  "12": "18",
  "10": "0",
  "6": "4",
  "5": "1",
  "9": "8",
  "16": "17",
  "8": "13",
  "21": "13",
  "18": "3",
  "19": "2",
  "1": "13",
  "15": "9",
  "2": "19",
  "7": "3",
  "17": "12",
  "3": "13",
  "20": "5",
  "4": "8",
  "0": "13"
 },
 "Ref:Cluster Many:1 Alignment": {
  "14": "11",
  "6": "11",
  "10": "13",
  "18": "12",
  "0": "10",
  "21": "6",
  "13": "1",
  "8": "9",
  "9": "15",
  "17": "11",
  "1": "5",
  "3": "18",
  "2": "19",
  "19": "2",
  "16": "13",
  "15": "10",
  "4": "6",
  "7": "11",
  "12": "17",
  "5": "20",
  "20": "6",
  "11": "3"
 }
}